"label","num","ordinal_index","Content","pred"
"MC",0,"first","Morgan Calderon","Let's break it down step by step!\n\n1. Identify the words: Morgan Calderon\n2. Take the first letter of each word:\n	* M (from Morgan)\n	* C (from Calderon)\n3. Concatenate the first letters:\n	* MC\n\nSo, the answer is: MC"
"rr",2,"third","Mervin Carroll","Let's break it down step by step.\n\n1. Take the word ""Mervin"":\n	* The individual letters are: M-E-R-V-I-N\n	* The third letter is: R\n2. Take the word ""Carroll"":\n	* The individual letters are: C-A-R-R-O-L-L\n	* The third letter is: R\n\nNow, let's concatenate (join) these two letters:\nR + R = RR\n\nSo, the answer is: RR"
"ec",1,"second","Bert Schwartz","Let's break it down step by step!\n\n1. Take the words ""Bert"" and ""Schwartz"":\n	* Bert: B-E-r-t\n	* Schwartz: S-C-h-w-a-r-t-z\n2. Identify the second letter of each word:\n	* Bert: E (second letter)\n	* Schwartz: C (second letter)\n3. Concatenate (join) the second letters together:\n	E-C\n\nSo, the answer is EC!"
"JKPR",0,"first","Jonathon Kelly Parra Rosas","Let's take it one step at a time.\n\nThe given names are:\nJonathon, Kelly, Parra, and Rosas\n\nI'll take the first letter of each word:\n\nJ - from Jonathon\nK - from Kelly\nP - from Parra\nR - from Rosas\n\nNow, I'll concatenate these letters to get the final result:\n\nJKPR\n\nSo, the answer is: JKPR."
"raln",2,"third","Darren Diaz Ellis Conner","Let's break it down step by step!\n\n1. Identify the words: Darren, Diaz, Ellis, Conner\n2. Find the third letter of each word:\n	* Darren: d-a-r-r-e-n -> r (third letter)\n	* Diaz: d-i-a-z -> i (third letter)\n	* Ellis: e-l-l-i-s -> l (third letter)\n	* Conner: c-o-n-n-e-r -> n (third letter)\n3. Concatenate the third letters: r-i-l-n\n\nSo, the answer is: riln"
"lk",1,"second","Alec Skinner","Let's break it down step by step!\n\n1. Identify the words: ""Alec Skinner""\n2. Find the second letter of each word:\n	* Alec: e\n	* Skinner: k\n3. Concatenate (join) the second letters together: e + k = ek\n\nSo, the answer is: ek"
"nenk",-1,"last","Ian Hale Morrison York","Let's break it down step by step!\n\n1. Identify the last letter of each word:\n	* Ian: N\n	* Hale: E\n	* Morrison: N\n	* York: K\n2. Concatenate the last letters together:\n	* N-E-N-K\n\nThe answer is: NENK"
"sgte",3,"fourth","Russ Daugherty Martinez Davenport","Let's take it one step at a time.\n\n1. Identify the fourth letter of each word:\n\n* Russ: R-U-S-S, so the fourth letter is S\n* Daugherty: D-A-U-G-H-E-R-T-Y, so the fourth letter is G\n* Martinez: M-A-R-T-I-N-E-Z, so the fourth letter is T\n* Davenport: D-A-V-E-N-P-O-R-T, so the fourth letter is V\n\n2. Concatenate the fourth letters:\n\nS-G-T-V\n\nSo, the answer is SGTV."
"OLFF",0,"first","Oliver Levy Foley Fletcher","Let's break it down step by step!\n\n1. Identify the words:\n	* Oliver\n	* Levy\n	* Foley\n	* Fletcher\n2. Take the first letter of each word:\n	* O (from Oliver)\n	* L (from Levy)\n	* F (from Foley)\n	* F (from Fletcher)\n3. Concatenate the first letters:\n	* O-L-F-F\n\nSo, the answer is OLFF!"
"ou",1,"second","Roger Quintana","Let's break it down step by step.\n\n1. Identify the words: ""Roger"" and ""Quintana""\n2. Take the second letter of each word:\n	* ""Roger"": The first letter is ""R"", so the second letter is ""O"".\n	* ""Quintana"": The first letter is ""Q"", so the second letter is ""U"".\n3. Concatenate (join) the two letters: ""O"" + ""U"" = ""OU""\n\nSo, the answer is: OU"
"reao",2,"third","Darrel Fletcher Chase Cross","Let's break it down step by step!\n\n1. Identify the words:\n   - Darrel\n   - Fletcher\n   - Chase\n   - Cross\n\n2. Find the third letter of each word:\n\n   - Darrel: D-A-R-r-e-l, so the third letter is 'R'\n   - Fletcher: F-L-E-c-t-o-r, so the third letter is 'E'\n   - Chase: C-H-a-s-e, so the third letter is 'a'\n   - Cross: C-R-o-s-s, so the third letter is 'o'\n\n3. Concatenate (join) these letters together:\n   R-E-a-o\n\nThe answer is: R-E-a-o"
"MMM",0,"first","Mario Mckee Mcintyre","Let's take it one step at a time.\n\nThe given name is ""Mario Mckee Mcintyre"".\n\nTo get the first letter of each word, I'll do the following:\n\n1. Mario - M\n2. Mckee - M\n3. Mcintyre - M\n\nNow, let me concatenate these first letters:\n\nM-M-M\n\nSo, the answer is: MMM"
"oaoa",1,"second","Tory Savage Hopkins Hammond","Let's break it down step by step!\n\n1. Identify the given names:\n	* Tory\n	* Savage\n	* Hopkins\n	* Hammond\n\n2. Extract the second letter from each name:\n\n	* Tory: o (second letter)\n	* Savage: a (second letter)\n	* Hopkins: o (second letter)\n	* Hammond: a (second letter)\n\n3. Concatenate the extracted second letters:\n\n	o-a-o-a\n\nSo, the answer is: o-a-o-a"
"KJW",0,"first","Kerry Jacobs Ward","Let's break it down step by step!\n\nThe sentence is ""Kerry Jacobs Ward"".\n\n1. Identify the first letter of each word:\n	* Kerry: K\n	* Jacobs: J\n	* Ward: W\n2. Concatenate (join) these letters together:\n	KJW\n\nSo, the answer is: KJW"
"HHHN",0,"first","Horacio Heath Hardy Nicholson","Let's break it down step by step!\n\n1. Identify the individual words:\n	* Horacio\n	* Heath\n	* Hardy\n	* Nicholson\n\n2. Take the first letter of each word:\n	* H (from Horacio)\n	* H (from Heath)\n	* H (from Hardy)\n	* N (from Nicholson)\n\n3. Concatenate the first letters:\n	H-H-H-N\n\nSo, the answer is: HHHN!"
"iasa",3,"fourth","Edwin Arias Benson Esparza","Let's break it down step by step!\n\n1. Identify the words:\n	* Edwin\n	* Arias\n	* Benson\n	* Esparza\n2. Find the fourth letter of each word:\n	* Edwin: e-i-w-i-n -> i (4th letter)\n	* Arias: A-r-i-a-s -> i (4th letter)\n	* Benson: B-e-n-s-o-n -> n (4th letter)\n	* Esparza: E-s-p-a-r-z-a -> p (4th letter)\n3. Concatenate the fourth letters:\n	i + i + n + p = iipn\n\nSo, the answer is: iipn"
"kl",2,"third","Mike Colon","Let's break it down step by step.\n\n1. Identify the words: ""Mike"" and ""Colon""\n2. Find the third letter of each word:\n	* ""Mike"": M-I-K-E, so the third letter is K\n	* ""Colon"": C-O-L-O-N, so the third letter is L\n3. Concatenate (join) the two letters: KL\n\nSo, the answer is KL."
"cgo",2,"third","Richard Figueroa Glover","Let's break it down step by step!\n\n1. Identify the words: Richard, Figueroa, Glover\n2. Find the third letter of each word:\n	* Richard: r-i-c-h-a-r-d -> c (third letter)\n	* Figueroa: f-i-g-u-e-r-o-a -> u (third letter)\n	* Glover: g-l-o-v-e-r -> o (third letter)\n3. Concatenate the third letters: c-u-o\n\nSo, the answer is: c-u-o"
"HB",0,"first","Hal Brady","Let's break it down step by step!\n\n1. Identify the individual words in ""Hal Brady"":\n	* Hal\n	* Brady\n\n2. Take the first letter of each word:\n	* Hal: H\n	* Brady: B\n\n3. Concatenate (join) the first letters together:\n	HB\n\nSo, the answer is HB!"
"ltln",3,"fourth","Marlon Cortez Gould Tran","Let's break it down step by step!\n\n1. Identify the words: Marlon, Cortez, Gould, Tran\n2. Find the fourth letter of each word:\n	* Marlon: M-A-R-L-O-N (4th letter is L)\n	* Cortez: C-O-R-T-E-Z (4th letter is T)\n	* Gould: G-O-U-L-D (4th letter is U)\n	* Tran: T-R-A-N (4th letter is N)\n3. Concatenate the 4th letters: L-T-U-N\n\nSo, the answer is: LTUN"
"ll",2,"third","Colby Delgado","Let's break it down step by step!\n\n1. Identify the words: Colby Delgado\n2. Find the third letter of each word:\n	* Colby: o (third letter)\n	* Delgado: l (third letter)\n3. Concatenate the third letters: o + l = ol\n\nSo, the answer is: ol"
"IWS",0,"first","Irvin Whitaker Stanley","Let's take it one step at a time.\n\nThe given name is ""Irvin Whitaker Stanley"".\n\n1. Identify the first letter of each word:\n	* Irvin: I\n	* Whitaker: W\n	* Stanley: S\n2. Concatenate (join) these letters together:\n	I-W-S\n\nSo, the answer is: IWS"
"oeah",1,"second","Rod Newton Parks Shannon","Let's break it down step by step.\n\n1. Identify the words:\n   - Rod\n   - Newton\n   - Parks\n   - Shannon\n\n2. Take the second letter of each word:\n\n   - Rod: o\n   - Newton: e\n   - Parks: a\n   - Shannon: h\n\n3. Concatenate the second letters:\n   oeah\n\nSo, the answer is oeah."
"WTBC",0,"first","Will Trevino Beil Crosby","Let's take it one step at a time!\n\nThe names are:\n\n1. Will\n2. Trevino\n3. Beil\n4. Crosby\n\nI'll take the first letter of each word:\n\n1. W (from ""Will"")\n2. T (from ""Trevino"")\n3. B (from ""Beil"")\n4. C (from ""Crosby"")\n\nNow, I'll concatenate these letters:\n\nWTBC\n\nThat's my answer!"
"wu",2,"third","Dewey Daugherty","Let's break it down step by step.\n\n1. Identify the words: ""Dewey"" and ""Daugherty""\n2. Find the third letter of each word:\n	* ""Dewey"": D-E-W-e-y\n		+ Third letter is ""W""\n	* ""Daugherty"": D-A-u-g-h-t-r-y\n		+ Third letter is ""u""\n3. Concatenate (join) the two third letters: ""Wu""\n\nSo, the answer is: Wu"
"JAMB",0,"first","Jeff Ayers Mcdowell Beard","Let's break it down step by step.\n\nThe given name is ""Jeff Ayers Mcdowell Beard"".\n\n1. Identify the first letter of each word:\n	* Jeff: J\n	* Ayers: A\n	* Mcdowell: M\n	* Beard: B\n\n2. Concatenate (join) these first letters together:\n	J-A-M-B\n\nSo, the answer is: JAMB"
"luie",2,"third","Dale Church Reid Stein","Let's break it down step by step.\n\n1. Take the words: Dale, Church, Reid, Stein\n2. Identify the third letter of each word:\n	* Dale: a-l-e -> e (third letter is ""e"")\n	* Church: c-h-u-r-ch -> r (third letter is ""r"")\n	* Reid: r-e-i-d -> i (third letter is ""i"")\n	* Stein: s-t-e-i-n -> e (third letter is ""e"")\n3. Concatenate the third letters: e-r-i-e\n\nSo, the answer is: e-r-i-e"
"ro",3,"fourth","Rodrigo Mason","Let's break it down step by step.\n\n1. Take the word ""Rodrigo"":\n	* The individual letters are: R-O-D-R-I-G-O\n	* The fourth letter is: I\n2. Take the word ""Mason"":\n	* The individual letters are: M-A-S-O-N\n	* The fourth letter is: S\n3. Concatenate the fourth letters:\n	* I + S = IS\n\nSo, the answer is: IS"
"seaa",1,"second","Esteban Deleon Garner Paul","Let's break it down step by step.\n\n1. Take the names:\n	* Esteban\n	* Deleon\n	* Garner\n	* Paul\n2. Identify the second letter of each name:\n	* Esteban: e (second letter is ""e"")\n	* Deleon: e (second letter is ""e"")\n	* Garner: a (second letter is ""a"")\n	* Paul: a (second letter is ""a"")\n3. Concatenate the second letters:\n	* e + e + a + a = eeaa\n\nSo, the answer is: eeaa"
"oola",1,"second","Robin Rodriguez Ali Nash","Let's break it down step by step!\n\n1. Identify the second letter of each word:\n	* Robin: o\n	* Rodriguez: o\n	* Ali: i\n	* Nash: a\n\n2. Concatenate these letters:\n	o-o-i-a\n\nSo, the answer is: ooia"
"lno",1,"second","Alfonzo Underwood Roth","Let's break it down step by step!\n\n1. Identify the words: Alfonzo, Underwood, Roth\n2. Take the second letter of each word:\n	* Alfonzo: l (second letter)\n	* Underwood: n (second letter)\n	* Roth: o (second letter)\n3. Concatenate (join) the second letters together:\n	l-n-o\n\nThe answer is: l-n-o"
"SHHC",0,"first","Silas Hayes Howell Cordova","Let's break it down step by step.\n\nThe given names are:\n\n1. Silas\n2. Hayes\n3. Howell\n4. Cordova\n\nTo take the first letter of each word, I'll do that:\n\n1. Silas -> S\n2. Hayes -> H\n3. Howell -> H\n4. Cordova -> C\n\nNow, let me concatenate these letters:\n\nS-H-H-C\n\nSo, the answer is: SHHC"
"ae",3,"fourth","Mohammad Hines","Let's break it down step by step!\n\n1. Identify the words: ""Mohammad"" and ""Hines""\n2. Find the fourth letter of each word:\n	* ""Mohammad"": M-O-H-M-A-D (the fourth letter is ""H"")\n	* ""Hines"": H-I-N-E-S (the fourth letter is ""N"")\n3. Concatenate the fourth letters: ""HN""\n\nSo, the answer is: ""HN"""
"rd",3,"fourth","Aubrey Mendoza","Let's take it one step at a time.\n\n1. Identify the words: ""Aubrey"" and ""Mendoza""\n2. Find the fourth letter of each word:\n	* ""Aubrey"": A-U-B-R-E-Y\n		+ Fourth letter is: R\n	* ""Mendoza"": M-E-N-D-O-Z-A\n		+ Fourth letter is: D\n3. Concatenate the fourth letters: R-D\n\nSo, the answer is: RD"
"dy",3,"fourth","Guadalupe Sawyer","Let's break it down step by step!\n\n1. Identify the words: ""Guadalupe"" and ""Sawyer""\n2. Find the fourth letter of each word:\n	* ""Guadalupe"": G-U-A-D-A-L-U-P-E\n		+ Fourth letter is ""D""\n	* ""Sawyer"": S-A-W-Y-E-R\n		+ Fourth letter is ""Y""\n3. Concatenate (join) the fourth letters:\n	* ""D"" + ""Y"" = ""DY""\n\nSo, the answer is: ""DY"""
"or",3,"fourth","Byron Ayers","Let's break it down step by step.\n\n1. Identify the words ""Byron"" and ""Ayers"".\n2. Find the fourth letter of each word:\n	* ""Byron"": B-Y-R-O-N, so the fourth letter is ""O"".\n	* ""Ayers"": A-Y-E-R-S, so the fourth letter is ""R"".\n3. Concatenate (join) the fourth letters together: O-R\n\nSo, the answer is OR."
"arrl",3,"fourth","Howard Guerra Norris Kelley","Let's take it one step at a time!\n\n1. Identify the words: Howard, Guerra, Norris, Kelley\n2. Find the fourth letter of each word:\n	* Howard: h-o-w-a-r-d -> Fourth letter is ""a""\n	* Guerra: g-u-e-r-r-a -> Fourth letter is ""r""\n	* Norris: n-o-r-r-i-s -> Fourth letter is ""r""\n	* Kelley: k-e-l-l-e-y -> Fourth letter is ""l""\n3. Concatenate the fourth letters: a-r-r-l\n\nSo, the answer is: arrl"
"iaoi",1,"second","Kirby Cantrell Howard Lim","Let's break it down step by step.\n\n1. Identify the words: Kirby, Cantrell, Howard, Lim\n2. Take the second letter of each word:\n	* Kirby: i\n	* Cantrell: n\n	* Howard: o\n	* Lim: i\n3. Concatenate (join) these letters together:\n\ni-n-o-i\n\nSo, the answer is: i-n-o-i"
"RYGF",0,"first","Rocco Yu Galvan Fowler","Let's take it one step at a time!\n\nThe names are:\nRocco, Yu, Galvan, Fowler\n\nThe first letter of each name is:\nR, Y, G, F\n\nNow, let's concatenate (join) these letters together:\n\nR-Y-G-F\n\nSo, the answer is: RYGF"
"aila",1,"second","Jackson Singh Fleming Barnes","Let's break it down step by step.\n\n1. Take the first names:\n	* Jackson\n	* Singh\n	* Fleming\n	* Barnes\n\n2. Identify the second letter of each name:\n	* Jackson: j-a (second letter is ""a"")\n	* Singh: s-i (second letter is ""i"")\n	* Fleming: f-l-e-m (second letter is ""l"")\n	* Barnes: b-a-r-n-e-s (second letter is ""a"")\n\n3. Concatenate the second letters:\n	a-i-l-a\n\nSo, the answer is: a-i-l-a"
"uo",1,"second","Lucio Novak","Let's break it down step by step!\n\n1. Identify the words: Lucio Novak\n2. Take the second letter of each word:\n	* Lucio: u\n	* Novak: o\n3. Concatenate the second letters: uo\n\nSo, the answer is: uo"
"mdn",3,"fourth","Clement Boyd Phan","Let's break it down step by step!\n\n1. Identify the words: ""Clement"", ""Boyd"", ""Phan""\n2. Find the fourth letter of each word:\n	* ""Clement"": C-L-E-M-E-N-T\n		+ Fourth letter is ""M""\n	* ""Boyd"": B-O-Y-D\n		+ Fourth letter doesn't exist (only three letters), so we'll move to the next word\n	* ""Phan"": P-H-A-N\n		+ Fourth letter is ""N""\n\n3. Concatenate the fourth letters: M-N\n\nThe answer is MN!"
"lruv",1,"second","Alan Wright Mullins Everett","Let's break it down step by step!\n\n1. Identify the given names:\n	* Alan\n	* Wright\n	* Mullins\n	* Everett\n\n2. Extract the second letter from each name:\n\n	* Alan -> a (second letter)\n	* Wright -> r (second letter)\n	* Mullins -> u (second letter)\n	* Everett -> v (second letter)\n\n3. Concatenate the extracted letters:\n	a-r-u-v\n\nThe answer is: aruv"
"ys",2,"third","Bryan Rush","Let's break it down step by step!\n\n1. Identify the words: ""Bryan Rush""\n2. Find the third letter of each word:\n	* Bryan: B-R-Y-A-N, so the third letter is ""Y""\n	* Rush: R-U-S-H, so the third letter is ""S""\n3. Concatenate (join) the third letters: Y + S =YS\n\nSo, the answer is: YS"
"hh",1,"second","Philip Chapman","Let's break it down step by step!\n\n1. Identify the words: ""Philip"" and ""Chapman""\n2. Take the second letter of each word:\n	* ""Philip"": The first letter is ""P"", so the second letter is ""hi""\n	* ""Chapman"": The first letter is ""C"", so the second letter is ""ha""\n3. Concatenate (join) the second letters together:\n	* ""hi"" + ""ha"" = ""hiah""\n\nSo, the answer is: ""hiah"""
"ml",2,"third","Damien Walls","Let's break it down step by step!\n\n1. Identify the words: Damien Walls\n2. Find the third letter of each word:\n	* Damien: d-a-m-i-e-n -> i (third letter)\n	* Walls: w-a-l-l-s -> l (third letter)\n3. Concatenate the third letters: i + l = il\n\nSo, the answer is: il"
"KB",0,"first","Kendall Beard","Let's take it one step at a time.\n\nThe words are ""Kendall"" and ""Beard"".\n\nThe first letter of each word is:\n\n* K (from ""Kendall"")\n* B (from ""Beard"")\n\nNow, let's concatenate these two letters together:\n\nKB\n\nSo, the answer is KB."
"PBC",0,"first","Patrick Barron Cross","Let's take it one step at a time.\n\nThe given name is ""Patrick Barron Cross"". Let's break it down into individual words:\n\n1. Patrick\n2. Barron\n3. Cross\n\nNow, let's take the first letter of each word:\n\n1. P (from Patrick)\n2. B (from Barron)\n3. C (from Cross)\n\nFinally, let's concatenate these first letters to get our answer:\n\nP-B-C\n\nSo, the concatenated result is: PBC"
"eh",3,"fourth","Elbert Durham","Let's break it down step by step.\n\n1. Identify the words: ""Elbert"" and ""Durham""\n2. Find the fourth letter of each word:\n	* For ""Elbert"", the letters are E-L-B-E-R-T\n	* The fourth letter is ""B""\n	* For ""Durham"", the letters are D-U-R-H-A-M\n	* The fourth letter is ""H""\n3. Concatenate the fourth letters: ""B"" + ""H""\n\nSo, the answer is: BH"
"lri",3,"fourth","Burl Carroll Padilla","Let's take it one step at a time.\n\nThe words are: Burl, Carroll, Padilla\n\nTo find the fourth letter of each word:\n\n1. Burl: B-U-R-L (the fourth letter is L)\n2. Carroll: C-A-R-R-O-L (the fourth letter is R)\n3. Padilla: P-A-D-I-L-L-A (the fourth letter is I)\n\nNow, let's concatenate these letters:\nL-R-I\n\nSo, the answer is: LRI"
"lrld",2,"third","Galen Harrington Salas Wade","Let's take it one step at a time.\n\n1. Identify the words: Galen, Harrington, Salas, Wade\n2. Find the third letter of each word:\n	* Galen: G-A-L-E-N -> L (third letter)\n	* Harrington: H-A-R-R-I-N-G-T-O-N -> R (third letter)\n	* Salas: S-A-L-A-S -> A (third letter)\n	* Wade: W-A-D-E -> A (third letter)\n3. Concatenate the third letters: L-R-A-A\n\nThe answer is: LRAA"
"ra",3,"fourth","Andrew Rojas","Let's break it down step by step.\n\n1. Identify the words: ""Andrew"" and ""Rojas""\n2. Find the fourth letter of each word:\n	* ""Andrew"": A-N-D-R-E-W (the fourth letter is ""R"")\n	* ""Rojas"": R-O-J-A-S (the fourth letter is ""J"")\n3. Concatenate the fourth letters: ""RJ""\n\nSo, the answer is: RJ"
"eall",2,"third","Diego Stanton Wolfe Hill","Let's break it down step by step!\n\n1. Take the words: Diego, Stanton, Wolfe, Hill\n2. Identify the third letter of each word:\n	* Diego: i (third letter is ""i"")\n	* Stanton: t (third letter is ""t"")\n	* Wolfe: l (third letter is ""l"")\n	* Hill: l (third letter is ""l"")\n3. Concatenate (join) the third letters together:\n	i-t-l-l\n\nSo, the answer is: i-t-l-l"
"yete",2,"third","Raymond Shepard Peterson Reese","Let's take it one step at a time.\n\nThe given names are:\n1. Raymond\n2. Shepard\n3. Peterson\n4. Reese\n\nTo find the third letter of each word, we need to count from the beginning:\n\n1. Raymond: R-A-M-O-N-D\n	* First letter: R (1st)\n	* Second letter: A (2nd)\n	* Third letter: M (3rd)\n2. Shepard: S-H-E-P-A-R-D\n	* First letter: S (1st)\n	* Second letter: H (2nd)\n	* Third letter: E (3rd)\n3. Peterson: P-E-T-E-R-S-O-N\n	* First letter: P (1st)\n	* Second letter: E (2nd)\n	* Third letter: T (3rd)\n4. Reese: R-E-E-S-E\n	* First letter: R (1st)\n	* Second letter: E (2nd)\n	* Third letter: E (3rd)\n\nNow, let's concatenate these third letters:\nM-E-T-E\n\nSo, the answer is: M-E-T-E"
"CK",0,"first","Clifford Kim","Let's take it one step at a time.\n\nThe first letter of ""Clifford"" is C.\nThe first letter of ""Kim"" is K.\n\nNow, let's concatenate these two letters:\n\nC + K = CK\n\nSo, the answer is CK."
"CJI",0,"first","Conrad Jefferson Ingram","Let's take it one step at a time!\n\nThe words are: Conrad, Jefferson, Ingram\n\nThe first letter of each word is:\n\nC (Conrad)\nJ (Jefferson)\nI (Ingram)\n\nNow, let's concatenate these letters:\n\nC-J-I\n\nSo, the answer is: CJI"
"NK",0,"first","Nigel Kramer","Let's break it down step by step.\n\n1. Identify the individual words: Nigel Kramer\n2. Take the first letter of each word:\n	* Nigel: N\n	* Kramer: K\n3. Concatenate (join) these letters together:\n	* NK\n\nSo, the answer is: NK"
"dry",2,"third","Federico Burch Mays","Let's take it one step at a time.\n\n1. Identify the words: Federico, Burch, Mays\n2. Find the third letter of each word:\n	* Federico: F-e-d-e-r-i-c-o -> d (third letter)\n	* Burch: B-u-r-c-h -> r (third letter)\n	* Mays: M-a-y-s -> y (third letter)\n3. Concatenate the third letters: d-r-y\n\nSo, the answer is: d-r-y"
"dn",3,"fourth","Boyd Tanner","Let's break it down step by step.\n\n1. Identify the words: ""Boyd"" and ""Tanner"".\n2. Find the fourth letter of each word:\n	* ""Boyd"": B-O-Y-D, so the fourth letter is ""D"".\n	* ""Tanner"": T-A-N-N-E-R, so the fourth letter is ""N"".\n3. Concatenate (join) the fourth letters: D + N = DN\n4. The answer is: DN"
"EY",0,"first","Emery Yates","Let's take it one step at a time.\n\nThe words are ""Emery"" and ""Yates"".\n\nThe first letter of each word is:\n\n* E (from Emery)\n* Y (from Yates)\n\nNow, let's concatenate these two letters:\n\nE + Y = EY\n\nSo, the answer is EY!"
"kl",3,"fourth","Nick Leblanc","Let's break it down step by step.\n\n1. Take the word ""Nick"":\n	* N (first letter)\n	* i (second letter)\n	* c (third letter)\n	* K (fourth letter)\n\nThe fourth letter of the word ""Nick"" is ""K"".\n\n2. Take the word ""Leblanc"":\n	* L (first letter)\n	* e (second letter)\n	* b (third letter)\n	* l (fourth letter)\n	* a (fifth letter)\n	* n (sixth letter)\n	* c (seventh letter)\n\nThe fourth letter of the word ""Leblanc"" is ""l"".\n\n3. Concatenate the fourth letters:\n	* K + l = Kl\n\nSo, the answer is ""Kl""."
"leia",1,"second","Clinton Peralta Hickman Hale","Let's take it one step at a time.\n\nThe given names are:\n1. Clinton\n2. Peralta\n3. Hickman\n4. Hale\n\nTo find the second letter of each word, I'll count the letters starting from 1:\n\n1. Clinton - C-L-I- (second letter is 'L')\n2. Peralta - P-E-R-A- (second letter is 'E')\n3. Hickman - H-I-C-K- (second letter is 'I')\n4. Hale - H-A-L- (second letter is 'A')\n\nNow, let's concatenate these second letters:\nL E I A\n\nSo, the answer is: L E I A"
"vctr",3,"fourth","Sylvester Sanchez Montoya Beard","Let's break it down step by step!\n\n1. Identify the given names:\n	* Sylvester\n	* Sanchez\n	* Montoya\n	* Beard\n2. Find the fourth letter of each name:\n	* Sylvester: S-y-l-v-e-s-t-e-r (fourth letter is 'v')\n	* Sanchez: S-a-n-c-h-e-z (fourth letter is 'n')\n	* Montoya: M-o-n-t-o-y-a (fourth letter is 't')\n	* Beard: B-e-a-r-d (fourth letter is 'r')\n3. Concatenate the fourth letters:\n	* v-n-t-r\n\nSo, the answer is: vntr"
"uour",1,"second","Hunter Pope Turner Gregory","Let's break it down step by step.\n\n1. The given names are:\n   - Hunter\n   - Pope\n   - Turner\n   - Gregory\n\n2. We need to take the second letter of each name:\n\n   - Hunter: h-u-n-t-e-r, so the second letter is 'u'\n   - Pope: p-o-p-e, so the second letter is 'o'\n   - Turner: t-u-r-n-e-r, so the second letter is 'u'\n   - Gregory: g-r-e-g-o-r-y, so the second letter is 'r'\n\n3. Now, we concatenate these second letters: u-o-u-r\n\nSo, the answer is: u-o-u-r"
"atp",3,"fourth","Lazaro Wyatt Shepherd","Let's break it down step by step!\n\n1. Take the word ""Lazaro"":\n	* The individual letters are: L-A-Z-A-R-O\n	* The fourth letter is: A\n2. Take the word ""Wyatt"":\n	* The individual letters are: W-Y-A-T-T\n	* The fourth letter is: T\n3. Take the word ""Shepherd"":\n	* The individual letters are: S-H-E-P-H-E-R-D\n	* The fourth letter is: P\n\nNow, let's concatenate these fourth letters:\n\nA-T-P\n\nSo, the answer is: A-T-P"
"lr",2,"third","Myles Kerr","Let's break it down step by step!\n\n1. Identify the words: ""Myles"" and ""Kerr""\n2. Find the third letter of each word:\n	* ""Myles"": M-y-l-e-s -> The third letter is ""l""\n	* ""Kerr"": K-e-r-r -> The third letter is ""r""\n3. Concatenate (join) the two letters: ""lr""\n\nSo, the answer is: lr"
"ecao",1,"second","Percy Mccullough Hamilton Woodard","Let's break it down step by step!\n\n1. Identify the second letter of each word:\n	* Percy: e\n	* McCullough: c\n	* Hamilton: a\n	* Woodard: o\n2. Concatenate the second letters:\n	e-c-a-o\n\nSo, the answer is: e-ca-o"
"FMWG",0,"first","Forest Mckinney Woodward Giles","Let's take it one step at a time!\n\nThe given names are:\n1. Forest\n2. Mckinney\n3. Woodward\n4. Giles\n\nThe first letter of each word is:\n1. F (from Forest)\n2. M (from Mckinney)\n3. W (from Woodward)\n4. G (from Giles)\n\nNow, let's concatenate these letters:\n\nF-M-W-G\n\nSo, the answer is: FMWG!"
"laop",1,"second","Eldon Savage Howell Spencer","Let's take it one step at a time.\n\n1. Identify the second letter of each word:\n	* Eldon: e\n	* Savage: a\n	* Howell: o\n	* Spencer: p\n\n2. Concatenate the second letters:\n	e-a-o-p\n\nSo, the answer is: eaop"
"SHJG",0,"first","Steven Hull Jaramillo Goodman","Let's take it one step at a time!\n\nThe names are:\nSteven, Hull, Jaramillo, Goodman\n\nI'll take the first letter of each word:\n\nS (from Steven)\nH (from Hull)\nJ (from Jaramillo)\nG (from Goodman)\n\nNow, I'll concatenate these letters together:\nSHJG\n\nSo, the answer is: SHJG"
"tsk",-1,"last","Art Pitts Brock","Let's break it down step by step!\n\n1. Identify the last letter of each word:\n	* Art: T\n	* Pitts: S\n	* Brock: K\n2. Concatenate (join) the last letters together:\n	T-S-K\n\nSo, the answer is: TSK"
"nnrd",2,"third","Bennie Santos Cordova Andersen","Let's break it down step by step!\n\n1. Identify the words:\n	* Bennie\n	* Santos\n	* Cordova\n	* Andersen\n\n2. Find the third letter of each word:\n\n	* Bennie: b-e-n-n-i, so the third letter is ""n""\n	* Santos: s-a-n-t-o-s, so the third letter is ""n""\n	* Cordova: c-o-r-d-o-v-a, so the third letter is ""r""\n	* Andersen: a-n-d-e-r-s-e-n, so the third letter is ""d""\n\n3. Concatenate (join) the third letters together:\n	n-n-r-d\n\nSo, the answer is: nnrd"
"TKP",0,"first","Tyrone Kennedy Powers","Let's break it down step by step.\n\nThe given name is ""Tyrone Kennedy Powers"".\n\nHere are the individual words:\n\n1. Tyrone\n2. Kennedy\n3. Powers\n\nNow, let's take the first letter of each word:\n\n1. T (from Tyrone)\n2. K (from Kennedy)\n3. P (from Powers)\n\nTo concatenate these letters, I'll simply combine them:\n\nT-K-P\n\nSo, the answer is: TKP"
"ALD",0,"first","Amado Lopez Dean","Let's break it down step by step.\n\n1. Identify the words: Amado Lopez Dean\n2. Take the first letter of each word:\n	* A (Amado)\n	* L (Lopez)\n	* D (Dean)\n3. Concatenate the first letters: ALD\n\nSo, the answer is: ALD"
"NWB",0,"first","Noah Wood Bradford","Let's break it down step by step.\n\n1. Identify the words: Noah Wood Bradford\n2. Take the first letter of each word:\n	* N (from ""Noah"")\n	* W (from ""Wood"")\n	* B (from ""Bradford"")\n3. Concatenate (join) the first letters together:\n	* NWB\n\nSo, the answer is: NWB"
"nmw",2,"third","Benjamin Simmons Howell","Let's break it down step by step!\n\n1. Identify the words: Benjamin Simmons Howell\n2. Find the third letter of each word:\n	* Benjamin: b-e-n-i-a-m -> i (third letter)\n	* Simmons: S-i-m-m-o-r-s -> m (third letter)\n	* Howell: H-o-w-e-l-l -> w (third letter)\n3. Concatenate the third letters: i-m-w\n\nSo, the answer is: imw"
"aaa",1,"second","Sam Carrillo Parsons","Let's break it down step by step.\n\n1. The given names are:\n   - Sam\n   - Carrillo\n   - Parsons\n\n2. Take the second letter of each word:\n   - Sam: a (second letter is 'a')\n   - Carrillo: r (second letter is 'r')\n   - Parsons: a (second letter is 'a')\n\n3. Concatenate these letters:\n   - a-r-a\n\nSo, the answer is: a-r-a"
"ouaa",1,"second","Mohammed Suarez Ramos May","Let's break it down step by step!\n\n1. Identify the words:\n   - Mohammed\n   - Suarez\n   - Ramos\n   - May\n\n2. Take the second letter of each word:\n\n   - Mohammed: o\n   - Suarez: u\n   - Ramos: a\n   - May: y\n\n3. Concatenate (join) the second letters together:\n   oyay\n\nSo, the answer is: oyay"
"lclr",2,"third","Orlando Rocha Willis Burke","Let's break it down step by step!\n\n1. Identify the words:\n	* Orlando\n	* Rocha\n	* Willis\n	* Burke\n2. Find the third letter of each word:\n	* Orlando: o-r-l-a-n-d-o, the third letter is ""l""\n	* Rocha: r-o-c-h-a, the third letter is ""c""\n	* Willis: w-i-l-l-i-s, the third letter is ""l""\n	* Burke: b-u-r-k-e, the third letter is ""r""\n3. Concatenate (join) the third letters:\n	l-c-l-r\n\nSo, the answer is: l-c-l-r"
"oaer",1,"second","Loyd Payne Peralta Crosby","Let's break it down step by step!\n\n1. Take the names:\n	* Loyd\n	* Payne\n	* Peralta\n	* Crosby\n\n2. Identify the second letter of each name:\n\n	* Loyd: o\n	* Payne: a\n	* Peralta: e\n	* Crosby: o\n\n3. Concatenate (join) the second letters together:\n	o-a-e-o\n\nThe answer is: oaeo!"
"avr",2,"third","Dwayne Navarro Cervantes","Let's break it down step by step!\n\n1. Identify the words: ""Dwayne"", ""Navarro"", ""Cervantes""\n2. Find the third letter of each word:\n	* ""Dwayne"": d-w-a-y-n-e -> w (third letter)\n	* ""Navarro"": N-a-v-a-r-r-o -> v (third letter)\n	* ""Cervantes"": C-e-r-v-a-n-t-e-s -> r (third letter)\n3. Concatenate the third letters: w-v-r\n\nSo, the answer is: w-v-r"
"rthc",3,"fourth","Emory Cortez Rich Roach","Let's break it down step by step.\n\n1. Identify the words:\n   - Emory\n   - Cortez\n   - Rich\n   - Roach\n\n2. Find the fourth letter of each word:\n\n   - Emory: E-M-O-R-Y, the fourth letter is R\n   - Cortez: C-O-R-T-E-Z, the fourth letter is T\n   - Rich: R-I-C-H, the fourth letter is C\n   - Roach: R-O-A-C-H, the fourth letter is A\n\n3. Concatenate (join) the fourth letters together:\n   R-T-C-A\n\nThe answer is RTCA."
"eil",1,"second","Bernie Gill Glover","Let's break it down step by step.\n\n1. Identify the words: ""Bernie"", ""Gill"", ""Glover""\n2. Take the second letter of each word:\n	* ""Bernie"": b (second letter)\n	* ""Gill"": i (second letter)\n	* ""Glover"": l (second letter)\n3. Concatenate (join) the second letters together: biL\n\nSo, the answer is: biL"
"mx",3,"fourth","Wilmer Knox","Let's break it down step by step!\n\n1. Take the word ""Wilmer"":\n	* W-I-L-M-E-R\n	* The fourth letter is ""L""\n2. Take the word ""Knox"":\n	* K-N-O-X\n	* The fourth letter is ""O""\n\nNow, let's concatenate (join) these two letters:\nL + O = LO\n\nSo, the answer is: LO"
"lsun",-1,"last","Sal Hobbs Yu Nielsen","Let's break it down step by step!\n\n1. Identify the last letter of each word:\n	* Sal: L\n	* Hobbs: S\n	* Yu: U\n	* Nielsen: N\n\n2. Concatenate the last letters together:\n	L-S-U-N\n\nSo, the answer is: LSUN"
"BWSH",0,"first","Bradly Wilkerson Shannon Holland","Let's take it one step at a time.\n\nThe names are:\n\n1. Bradly\n2. Wilkerson\n3. Shannon\n4. Holland\n\nI'll take the first letter of each word:\n\n1. B (from Bradly)\n2. W (from Wilkerson)\n3. S (from Shannon)\n4. H (from Holland)\n\nNow, I'll concatenate these letters:\n\nB-W-S-H\n\nSo, the answer is: BWSH"
"CSCD",0,"first","Clay Spencer Cummings Duarte","Let's take it one step at a time.\n\nThe given names are:\n\n1. Clay\n2. Spencer\n3. Cummings\n4. Duarte\n\nI'll take the first letter of each word:\n\n1. C (from Clay)\n2. S (from Spencer)\n3. C (from Cummings)\n4. D (from Duarte)\n\nNow, I'll concatenate these letters to get the final result:\n\nC-S-C-D\n\nSo, the answer is: C-SC-D."
"crr",2,"third","Lucien Carey Norris","Let's break it down step by step.\n\n1. Take the word ""Lucien"":\n	* L-u-c-i-e-n\n	* The third letter is ""c""\n2. Take the word ""Carey"":\n	* C-a-r-e-y\n	* The third letter is ""r""\n3. Take the word ""Norris"":\n	* N-o-r-r-i-s\n	* The third letter is ""r""\n\nNow, let's concatenate these third letters:\nc-r-r\n\nSo, the answer is c-r-r."
"BV",0,"first","Bart Valencia","Let's take it one step at a time.\n\nThe words are ""Bart"" and ""Valencia"".\n\nThe first letter of each word is:\n\n* B (from ""Bart"")\n* V (from ""Valencia"")\n\nNow, let's concatenate these two letters. The resulting string is:\n\nBV\n\nSo, the answer is:\n\nA: BV"
"aea",3,"fourth","Ethan Moyer Meza","Let's take it one step at a time.\n\n1. Identify the words: Ethan, Moyer, Meza\n2. Find the fourth letter of each word:\n	* Ethan: E-T-H-A-N -> H (fourth letter)\n	* Moyer: M-O-Y-E-R -> Y (fourth letter)\n	* Meza: M-E-Z-A -> Z (fourth letter)\n3. Concatenate the fourth letters: H-Y-Z\n\nSo, the answer is: HYZ"
"yhm",-1,"last","Ty Pugh Graham","Let's break it down step by step!\n\n1. Identify the last letter of each word:\n	* Ty: y\n	* Pugh: h\n	* Graham: m\n\n2. Concatenate the last letters:\n	y-h-m\n\nSo, the answer is: yhm"
"nrg",3,"fourth","Shane Morrow Yang","Let's break it down step by step!\n\n1. Identify the words: Shane, Morrow, Yang\n2. Find the fourth letter of each word:\n	* Shane: S-H-A-N-E -> Fourth letter is N\n	* Morrow: M-O-R-R-O-W -> Fourth letter is R\n	* Yang: Y-A-N-G -> Fourth letter is N\n3. Concatenate the fourth letters: N-R-N\n\nSo, the answer is: NRN"
"GHP",0,"first","Garland Hayes Padilla","Let's break it down step by step!\n\n1. Identify the individual words:\n	* Garland\n	* Hayes\n	* Padilla\n2. Take the first letter of each word:\n	* G (from Garland)\n	* H (from Hayes)\n	* P (from Padilla)\n3. Concatenate (join) these letters together:\n	* G-H-P\n\nSo, the answer is: GHP"
"ain",1,"second","Zachariah Simon Andrews","Let's break it down step by step!\n\n1. Identify the words: Zachariah, Simon, Andrews\n2. Take the second letter of each word:\n	* Zachariah: a (second letter)\n	* Simon: i (second letter)\n	* Andrews: n (second letter)\n3. Concatenate the second letters: a-i-n\n\nSo, the answer is: a-i-n"
"ai",1,"second","Mack Pitts","Let's break it down step by step.\n\n1. The words are ""Mack"" and ""Pitts"".\n2. Take the second letter of each word:\n	* For ""Mack"", the second letter is ""a"".\n	* For ""Pitts"", the second letter is ""i"".\n3. Concatenate (join) the two letters together:\n	* ""a"" + ""i"" = ""ai""\n\nSo, the answer is: ai"
"MB",0,"first","Maynard Barr","Let's take it one step at a time.\n\nThe words are ""Maynard"" and ""Barr"".\n\nThe first letter of each word is:\n\n* M (from ""Maynard"")\n* B (from ""Barr"")\n\nNow, let's concatenate these two letters. That means we'll join them together to form a new string.\n\nThe result is: MB\n\nSo, the answer is: MB"
"rich",1,"second","Ernie Gibson Mcbride Thornton","Let's break it down step by step!\n\n1. Identify the individual words:\n   - Ernie\n   - Gibson\n   - Mcbride\n   - Thornton\n\n2. Take the second letter of each word:\n\n   - Ernie: r\n   - Gibson: i\n   - Mcbride: c\n   - Thornton: h\n\n3. Concatenate (join) these letters together:\n   r-i-c-h\n\nThe answer is: ricH"
"brh",3,"fourth","Norbert Murray Richmond","Let's break it down step by step!\n\n1. Identify the words:\n	* Norbert\n	* Murray\n	* Richmond\n2. Find the fourth letter of each word:\n	* Norbert: N-O-R-B-E-R-T (the fourth letter is ""R"")\n	* Murray: M-U-R-R-Y (the fourth letter is ""R"")\n	* Richmond: R-I-C-H-M-O-N-D (the fourth letter is ""C"")\n3. Concatenate the fourth letters:\n	* R-R-C\n\nSo, the answer is RRCC!"
"FO",0,"first","Felix Olsen","Let's break it down step by step.\n\n1. Identify the words: ""Felix Olsen""\n2. Take the first letter of each word:\n	* First letter of ""Felix"" is ""F""\n	* First letter of ""Olsen"" is ""O""\n3. Concatenate (join) the first letters together: ""FO""\n\nSo, the answer is: ""FO"""
"vkt",3,"fourth","Calvin Hicks Dalton","Let's break it down step by step!\n\n1. Identify the words: Calvin, Hicks, Dalton\n2. Find the fourth letter of each word:\n	* Calvin: C-A-L-V-I-N -> Fourth letter is ""V""\n	* Hicks: H-I-C-K-S -> Fourth letter is ""K""\n	* Dalton: D-A-L-T-O-N -> Fourth letter is ""L""\n3. Concatenate the fourth letters: V-K-L\n\nThe answer is: VKL"
"mil",2,"third","Cameron Griffith Holland","Let's break it down step by step!\n\n1. Identify the words: Cameron, Griffith, Holland\n2. Find the third letter of each word:\n	* Cameron: c-a-m-e-r-o-n -> m (third letter)\n	* Griffith: g-r-i-f-f-i-t-h -> f (third letter)\n	* Holland: h-o-l-l-a-n-d -> l (third letter)\n3. Concatenate the third letters: m-f-l\n\nSo, the answer is: m-f-l"
"MOFL",0,"first","Mark Olsen Ford Lawson","Let's break it down step by step!\n\n1. Identify the words: Mark, Olsen, Ford, Lawson\n2. Take the first letter of each word:\n	* Mark: M\n	* Olsen: O\n	* Ford: F\n	* Lawson: L\n3. Concatenate (join) the first letters together:\n	M-O-F-L\n\nSo, the answer is MOFL!"
"mnl",2,"third","Lyman Lindsey Nolan","Let's break it down step by step!\n\n1. Identify the words: Lyman, Lindsey, Nolan\n2. Find the third letter of each word:\n	* Lyman: y (third letter)\n	* Lindsey: n (third letter)\n	* Nolan: l (third letter)\n3. Concatenate (join) the third letters together:\n	y-n-l\n\nThe answer is: y-n-l"
"JVL",0,"first","Jon Valenzuela Lozano","Let's break it down step by step.\n\n1. Identify the individual words:\n	* Jon\n	* Valenzuela\n	* Lozano\n2. Take the first letter of each word:\n	* J (from ""Jon"")\n	* V (from ""Valenzuela"")\n	* L (from ""Lozano"")\n3. Concatenate (join) these letters together:\n	J-V-L\n\nSo, the answer is: JVL"
"ahl",3,"fourth","Ismael Koch Fuller","Let's break it down step by step!\n\n1. Identify the words: Ismael, Koch, Fuller\n2. Find the fourth letter of each word:\n	* Ismael: i-s-m-a-e-l => Fourth letter is ""m""\n	* Koch: k-o-c-h => Fourth letter doesn't exist (only three letters), so we'll consider the first letter that comes after the third letter, which is ""h""\n	* Fuller: f-u-l-l-e-r => Fourth letter is ""l""\n3. Concatenate the fourth letters: m-h-l\n\nSo, the answer is: m-h-l"
"aa",1,"second","Randell Hammond","Let's break it down step by step.\n\n1. Identify the words: Randell Hammond\n2. Take the second letter of each word:\n	* Randell: a (second letter is ""a"")\n	* Hammond: h (second letter is ""h"")\n3. Concatenate the second letters: ah\n\nSo, the answer is: ah"
"yo",-1,"last","Casey Ho","Let's break it down step by step!\n\n1. Identify the words: ""Casey"", ""Ho""\n2. Find the last letter of each word:\n	* ""Casey"" ends with Y\n	* ""Ho"" ends with O\n3. Concatenate (join) the last letters together: YO\n\nSo, the answer is: YO"
"cnrd",3,"fourth","Royce Oconnell Pierce Landry","Let's break it down step by step.\n\n1. Identify the given names:\n	* Royce\n	* Oconnell\n	* Pierce\n	* Landry\n2. Find the fourth letter of each name:\n	* Royce: R-O-Y-C-E, the fourth letter is Y\n	* Oconnell: O-C-O-N-N-E-L-L, the fourth letter is N\n	* Pierce: P-I-E-R-C-E, the fourth letter is R\n	* Landry: L-A-N-D-R-Y, the fourth letter is D\n3. Concatenate (join) the fourth letters together:\n	Y-N-R-D\n\nSo, the answer is: Y-N-R-D"
"iorm",3,"fourth","Javier Donovan Harris Chambers","Let's break it down step by step!\n\n1. Identify the words:\n   - Javier\n   - Donovan\n   - Harris\n   - Chambers\n\n2. Find the fourth letter of each word:\n\n   - Javier: i-v-e-r (4th letter is 'v')\n   - Donovan: D-o-n-o-v-a-n (4th letter is 'n')\n   - Harris: H-a-r-r-i-s (4th letter is 'r')\n   - Chambers: C-h-a-m-b-e-r-s (4th letter is'm')\n\n3. Concatenate the fourth letters:\n   v-n-r-m\n\nSo, the answer is: vnrm"
"ebc",1,"second","Mel Obrien Schneider","Let's break it down step by step.\n\n1. Take the words: Mel, Obrien, Schneider\n2. Identify the second letter of each word:\n	* Mel: e\n	* Obrien: b\n	* Schneider: c\n3. Concatenate (join) the second letters together:\n	e + b + c = ebC\n\nSo, the answer is: ebC"
"rtny",2,"third","Darrin Butler Wong Meyer","Let's take it one step at a time.\n\nThe given names are:\n1. Darrin\n2. Butler\n3. Wong\n4. Meyer\n\nTo find the third letter of each word, I'll count the letters starting from 1:\n\n1. Darrin - D-a-r-r-i-n (third letter is 'r')\n2. Butler - B-u-t-l-e-r (third letter is 't')\n3. Wong - W-o-n-g (third letter is 'n')\n4. Meyer - M-e-y-e-r (third letter is 'e')\n\nNow, let's concatenate these third letters:\nr-t-n-e\n\nSo, the answer is: r-t-n-e"
"OKDB",0,"first","Octavio Kemp Dean Blackburn","Let's take it one step at a time.\n\nThe names are:\n\n1. Octavio\n2. Kemp\n3. Dean\n4. Blackburn\n\nNow, let's take the first letter of each word:\n\n1. O (from Octavio)\n2. K (from Kemp)\n3. D (from Dean)\n4. B (from Blackburn)\n\nConcatenating these letters gives us:\n\nOKDB\n\nSo, the answer is OKDB."
"uc",1,"second","Bud Schwartz","Let's break it down step by step!\n\n1. Identify the words: ""Bud"" and ""Schwartz""\n2. Take the second letter of each word:\n	* ""Bud"": The first letter is ""B"", so the second letter is ""u"".\n	* ""Schwartz"": The first letter is ""S"", so the second letter is ""c"".\n3. Concatenate (join) the second letters together: ""uc""\n\nSo, the answer is: uc"
"SB",0,"first","Samuel Becker","Let's take it one step at a time!\n\nThe words are ""Samuel"" and ""Becker"".\n\nThe first letter of each word is:\n\n* S (from Samuel)\n* B (from Becker)\n\nNow, let's concatenate these two letters by writing them together:\n\nS + B = SB\n\nSo, the answer is: SB!"
"yons",3,"fourth","Eloy Truong Tran Hess","Let's take it one step at a time!\n\n1. Identify the words: Eloy, Truong, Tran, Hess\n2. Find the fourth letter of each word:\n	* Eloy: e-l-o-y -> o (4th letter)\n	* Truong: t-r-u-o-ng -> u (4th letter)\n	* Tran: t-r-a-n -> a (4th letter)\n	* Hess: h-e-s-s -> s (4th letter)\n3. Concatenate the fourth letters:\n	o-u-a-s\n\nSo, the answer is: o-u-a-s"
"tn",3,"fourth","Dustin Horne","Let's break it down step by step!\n\n1. Identify the words: ""Dustin"" and ""Horne""\n2. Find the fourth letter of each word:\n	* ""Dustin"": D-U-S-T-I-N -> Fourth letter is ""T""\n	* ""Horne"": H-O-R-N-E -> Fourth letter is ""R""\n3. Concatenate (join) the fourth letters: T + R = TR\n\nSo, the answer is: TR"
"ede",1,"second","Beau Odom Jefferson","Let's break it down step by step.\n\n1. The word ""Beau"" has the following letters: B-E-A-U\nThe second letter is ""E"".\n2. The word ""Odom"" has the following letters: O-D-O-M\nThe second letter is ""D"".\n3. The word ""Jefferson"" has the following letters: J-E-F-F-E-R-S-O-N\nThe second letter is ""E"".\n\nNow, let's concatenate these second letters:\n\nE-D-E\n\nSo, the answer is E-D-E."
"aia",1,"second","Santiago Williamson Magana","Let's break it down step by step.\n\n1. Identify the words:\n   - Santiago\n   - Williamson\n   - Magana\n\n2. Take the second letter of each word:\n\n   - Santiago: t (second letter)\n   - Williamson: i (second letter)\n   - Magana: a (second letter)\n\n3. Concatenate the second letters:\n   ti-a\n\nSo, the answer is ""ti-a""."
"houh",1,"second","Chad Costa Murphy Whitehead","Let's break it down step by step.\n\n1. Identify the words: Chad, Costa, Murphy, Whitehead\n2. Take the second letter of each word:\n	* Chad: h\n	* Costa: o\n	* Murphy: u\n	* Whitehead: h\n3. Concatenate (join) the second letters together:\n	h-o-u-h\n\nSo, the answer is: h-o-u-h"
"GRY",0,"first","Garth Rush Yang","Let's take it one step at a time!\n\nThe words are: Garth, Rush, Yang\n\nThe first letter of each word is:\n\nG (from Garth)\nR (from Rush)\nY (from Yang)\n\nNow, let's concatenate these letters. That means we'll join them together to form a new string.\n\nThe result is: GRy\n\nSo, the answer is: GRy"
"yhen",-1,"last","Zachary Walsh Lee Shannon","Let's break it down step by step!\n\n1. Identify the names:\n	* Zachary\n	* Walsh\n	* Lee\n	* Shannon\n\n2. Find the last letter of each name:\n\n	* Zachary: y\n	* Walsh: H\n	* Lee: E\n	* Shannon: N\n\n3. Concatenate (join) the last letters together:\n\n	y-H-E-N\n\nSo, the answer is: y-H-E-N"
"nptt",3,"fourth","Evan Campos Whitehead Heath","Let's break it down step by step.\n\n1. Identify the words: Evan, Campos, Whitehead, Heath\n2. Find the fourth letter of each word:\n	* Evan: E-v-a-n (4th letter is N)\n	* Campos: C-a-m-p-o-s (4th letter is P)\n	* Whitehead: W-h-i-t-e-h-e-a-d (4th letter is T)\n	* Heath: H-e-a-t-h (4th letter is A)\n3. Concatenate the 4th letters: N-P-T-A\n\nSo, the answer is: NPTA"
"iara",1,"second","Michael Mason Arroyo Salas","Let's take it one step at a time.\n\nFirst, I'll identify the second letter of each word:\n\n* Michael: M-i-c-h-a-e-l (second letter is ""i"")\n* Mason: M-a-s-o-n (second letter is ""a"")\n* Arroyo: A-r-r-o-y-o (second letter is ""r"")\n* Salas: S-a-l-a-s (second letter is ""a"")\n\nNow, let me concatenate these second letters:\n\ni-a-r-a\n\nThe answer is: i-a-r-a"
"rttv",1,"second","Brent Stein Stuart Avila","Let's break it down step by step!\n\n1. Identify the second letter of each word:\n	* Brent: r\n	* Stein: t\n	* Stuart: u\n	* Avila: i\n2. Concatenate the second letters:\n	r-t-u-i\n\nSo, the answer is: rtui"
"gfml",2,"third","Hugo Mcfarland Armstrong Holt","Let's take it one step at a time.\n\nThe given names are:\n1. Hugo\n2. Mcfarland\n3. Armstrong\n4. Holt\n\nTo find the third letter of each word, I'll count from the beginning:\n\n1. Hugo - H-u-g-o (third letter is ""g"")\n2. Mcfarland - M-c-f-a-r-l-a-n-d (third letter is ""f"")\n3. Armstrong - A-r-m-s-t-r-o-n-g (third letter is ""m"")\n4. Holt - H-o-l-t (third letter doesn't exist, as there are only three letters)\n\nNow, let's concatenate these letters:\ng f m\n\nSo, the answer is: gfM"
"syt",-1,"last","Davis Ray Stout","Let's break it down step by step!\n\n1. Identify the last letter of each word:\n	* Davis: S\n	* Ray: Y\n	* Stout: T\n2. Concatenate (join) the last letters together:\n	* S + Y + T = SYT\n\nSo, the answer is: SYT"
"ooo",1,"second","Lon Woodard Golden","Let's break it down step by step.\n\n1. The given names are: Lon, Woodard, Golden\n2. We need to take the second letter of each word:\n	* Lon: o (second letter)\n	* Woodard: o (second letter)\n	* Golden: o (second letter)\n3. Concatenate the second letters:\n	o-o-o\n\nSo, the answer is: o-o-o"
"DMKW",0,"first","Danial Macdonald King Wilson","Let's break it down step by step.\n\nThe given names are:\n1. Daniel\n2. MacDonald\n3. King\n4. Wilson\n\nWe need to take the first letter of each word and concatenate them.\n\n1. Daniel - D\n2. MacDonald - M\n3. King - K\n4. Wilson - W\n\nNow, let's concatenate these letters:\n\nD-M-K-W\n\nSo, the answer is: DMKW"
"ua",1,"second","Rusty Cantu","Let's break it down step by step.\n\n1. Identify the words: ""Rusty Cantu""\n2. Take the second letter of each word:\n	* ""Rusty"" -> u\n	* ""Cantu"" -> a\n3. Concatenate the second letters: ua\n\nSo, the answer is: ua"
"yas",-1,"last","Coy Villanueva Combs","Let's break it down step by step.\n\n1. Identify the last letter of each word:\n	* Coy: Y\n	* Villanueva: E\n	* Combs: S\n2. Concatenate the last letters together:\n	Y-E-S\n\nSo, the answer is: YES!"
"oun",2,"third","Leonardo Paul Vance","Let's break it down step by step!\n\n1. Identify the words: Leonardo, Paul, Vance\n2. Find the third letter of each word:\n	* Leonardo: L-e-a-r-o-n-a-d-o (third letter is ""r"")\n	* Paul: P-a-u-l (third letter is ""u"")\n	* Vance: V-a-n-c-e (third letter is ""n"")\n3. Concatenate the third letters: r-u-n\n\nSo, the answer is: r-u-n"
"tl",3,"fourth","Kurt Hall","Let's break it down step by step!\n\n1. Identify the words: ""Kurt Hall""\n2. Find the individual letters:\n	* Kurt: K-U-R-T\n	* Hall: H-A-L-L\n3. Identify the fourth letter of each word:\n	* Kurt: The fourth letter is ""T""\n	* Hall: The fourth letter is ""L""\n4. Concatenate (join) the fourth letters: T + L = TL\n\nSo, the answer is: TL"
"bd",3,"fourth","Bobbie Caldwell","Let's take it one step at a time!\n\n1. Break down the names into individual letters:\n\nBobbie = B-O-B-B-I-E\nCaldwell = C-A-L-D-W-E-L-L-D\n\n2. Identify the fourth letter of each word:\n\nBobbie: O (4th letter)\nCaldwell: L (4th letter)\n\n3. Concatenate the fourth letters:\n\nO-L\n\nSo, the answer is OL!"
"RB",0,"first","Robert Branch","Let's break it down step by step.\n\n1. Identify the words: ""Robert"" and ""Branch""\n2. Take the first letter of each word:\n	* ""R"" from ""Robert""\n	* ""B"" from ""Branch""\n3. Concatenate (join) the two letters together:\n	* R + B = RB\n\nSo, the answer is: RB"
"ye",1,"second","Tyree Jefferson","Let's break it down step by step!\n\n1. Identify the words: ""Tyree Jefferson""\n2. Take the second letter of each word:\n	* ""Tyree"" -> y\n	* ""Jefferson"" -> e\n3. Concatenate (join) the second letters together:\n	y + e = ye\n\nSo, the answer is: ye"
"seaa",1,"second","Isiah Reese Baker Ramos","Let's break it down step by step!\n\n1. Identify the words: ""Isiah"", ""Reese"", ""Baker"", ""Ramos""\n2. Take the second letter of each word:\n	* ""Isiah"" -> i (second letter)\n	* ""Reese"" -> e (second letter)\n	* ""Baker"" -> a (second letter)\n	* ""Ramos"" -> a (second letter)\n3. Concatenate the resulting letters: i-e-a-a\n\nSo, the answer is: i-e-a-a"
"acu",1,"second","Daren Mcpherson Gutierrez","Let's break it down step by step.\n\nThe given name is ""Daren Mcpherson Gutierrez"".\n\n1. Identify the second letter of each word:\n	* Daren: e\n	* Mcpherson: c\n	* Gutierrez: u\n2. Concatenate the second letters:\n	e-c-u\n\nSo, the answer is: e-c-u."
"rr",2,"third","Kareem Dorsey","Let's break it down step by step!\n\n1. Identify the words: Kareem Dorsey\n2. Find the third letter of each word:\n	* Kareem: K-A-R-E-E-M, so the third letter is ""R""\n	* Dorsey: D-O-R-S-E-Y, so the third letter is ""R""\n3. Concatenate (join) the third letters: R-R\n\nSo, the answer is RR!"
"daa",2,"third","Rudy Kramer Blackwell","Let's take it one step at a time.\n\nFirst, let's identify the third letter of each word:\n\n* Rudy: R-U-D-Y. The third letter is ""D"".\n* Kramer: K-R-A-M-E-R. The third letter is ""A"".\n* Blackwell: B-L-A-C-K-W-E-L-L. The third letter is ""A"".\n\nNow, let's concatenate these letters:\n\nD-A-A\n\nSo, the answer is D-A-A."
"BM",0,"first","Booker Marks","Let's take it one step at a time.\n\nThe sentence is ""Booker Marks"".\n\nTo get the first letter of each word, I'll do the following:\n\n1. Book - B\n2. er - (there is no separate word ""er"", so I'll ignore it)\n3. Marks - M\n\nNow, let me concatenate these letters:\nB + M = BM\n\nSo, the answer is: BM"
"SL",0,"first","Steve Lawson","Let's break it down step by step.\n\n1. Identify the individual words: ""Steve"" and ""Lawson""\n2. Take the first letter of each word:\n	* ""S"" (from ""Steve"")\n	* ""L"" (from ""Lawson"")\n3. Concatenate (join) the two first letters together:\n\nSL\n\nSo, the answer is: SL"
"ftaa",3,"fourth","Jeffery Castaneda Mccarty Nava","Let's break it down step by step.\n\n1. Identify the words:\nJeffery, Castaneda, Mccarty, Nava\n2. Find the fourth letter of each word:\n	* Jeffery: J-E-F-F-E-R-Y -> F (4th letter)\n	* Castaneda: C-A-S-T-A-N-E-D-A -> T (4th letter)\n	* Mccarty: M-C-C-A-R-T-Y -> A (4th letter)\n	* Nava: N-A-V-A -> A (4th letter)\n3. Concatenate the fourth letters:\nF-T-A-A\n\nSo, the answer is: F-T-A-A"
"OPMM",0,"first","Odis Poole Magana Mendoza","Let's break it down step by step.\n\nThe names are:\n\n1. Ods\n2. Poole\n3. Magana\n4. Mendoza\n\nWe need to take the first letter of each word and concatenate them.\n\n1. First letter of ""Ods"" is ""O""\n2. First letter of ""Poole"" is ""P""\n3. First letter of ""Magana"" is ""M""\n4. First letter of ""Mendoza"" is ""M""\n\nNow, let's concatenate these letters:\n\nO-P-M-M\n\nSo, the answer is: OPMM"
"AR",0,"first","Antoine Reed","Let's take it one step at a time.\n\nThe words are: Antoine, Reed\n\nThe first letter of each word is:\n\nA (Antoine)\nR (Reed)\n\nNow, let's concatenate these two letters:\n\nAR\n\nSo, the answer is: AR"
"CS",0,"first","Curtis Sanchez","Let's break it down step by step!\n\n1. Identify the words: ""Curtis"" and ""Sanchez""\n2. Take the first letter of each word:\n	* ""C"" from ""Curtis""\n	* ""S"" from ""Sanchez""\n3. Concatenate (join) the two letters together:\n	* C + S = CS\n\nSo, the answer is: CS"
"TO",0,"first","Trent Obrien","Let's take it one step at a time!\n\nThe words are ""Trent"" and ""Obrien"".\n\nThe first letter of each word is:\n\n* T (from ""Trent"")\n* O (from ""Obrien"")\n\nNow, let's concatenate these two letters together:\n\nTO\n\nSo, the answer is: TO"
"psi",3,"fourth","Stephan Henson Hamilton","Let's break it down step by step!\n\n1. Identify the words: Stephan, Henson, Hamilton\n2. Find the fourth letter of each word:\n	* Stephan: S-T-H-E-P-A-N -> Fourth letter is ""H""\n	* Henson: H-E-N-S-O-N -> Fourth letter is ""N""\n	* Hamilton: H-A-M-I-L-T-O-N -> Fourth letter is ""I""\n3. Concatenate (join) the fourth letters together: H-N-I\n\nSo, the answer is H-N-I!"
"arao",1,"second","Jamaal Brewer Wade Contreras","Let's break it down step by step!\n\n1. Take the second letter of each word:\n	* Jamaal: ma\n	* Brewer: re\n	* Wade: ade\n	* Contreras: on\n2. Concatenate (join) these letters together:\n	ma-re-ade-on\n\nSo, the answer is: ma-re-ade-on"
"eai",1,"second","Benito Carpenter Fitzpatrick","Let's break it down step by step!\n\n1. Identify the given names:\n   - Benito\n   - Carpenter\n   - Fitzpatrick\n\n2. Take the second letter of each word:\n\n   - Benito: The second letter is ""e""\n   - Carpenter: The second letter is ""a""\n   - Fitzpatrick: The second letter is ""i""\n\n3. Concatenate (join) these letters together:\n   e-a-i\n\nSo, the answer is: e-a-i"
"sn",2,"third","Jasper Sandoval","Let's break it down step by step.\n\n1. Identify the words: ""Jasper"" and ""Sandoval""\n2. Find the third letter of each word:\n	* ""Jasper"": J-a-s-p-e-r\n		+ Third letter is ""s""\n	* ""Sandoval"": S-a-n-d-o-v-a-l\n		+ Third letter is ""n""\n3. Concatenate (join) the third letters: ""s"" + ""n""\n\nAnswer: sn"
"lye",2,"third","Malcolm Mayo Klein","Let's break it down step by step!\n\n1. Identify the words: Malcolm, Mayo, Klein\n2. Find the third letter of each word:\n	* Malcolm: M-a-l-c-o-m -> Third letter is ""l""\n	* Mayo: M-a-y-o -> Third letter is ""y""\n	* Klein: K-l-e-i-n -> Third letter is ""e""\n3. Concatenate the third letters: l-y-e\n\nSo, the answer is: l-y-e"
"uea",1,"second","Lupe Weiss Vance","Let's break it down step by step.\n\n1. Take the words: Lupe, Weiss, Vance\n2. Take the second letter of each word:\n	* Lupe: u\n	* Weiss: e\n	* Vance: n\n3. Concatenate (join) the second letters together: ue n\n\nSo, the answer is: ue n"
"est",3,"fourth","Joseph Benson Morton","Let's break it down step by step!\n\n1. Identify the words: Joseph, Benson, Morton\n2. Find the fourth letter of each word:\n	* Joseph: j-o-s-e-p-h -> Fourth letter is ""s""\n	* Benson: B-E-N-S-O-N -> Fourth letter is ""N""\n	* Morton: M-O-R-T-O-N -> Fourth letter is ""R""\n3. Concatenate (join) the fourth letters together: s-N-R\n\nThe answer is: s-N-R"
"to",-1,"last","Elliot Vo","Let's break it down step by step.\n\n1. Identify the last letter of each word:\n	* Elliot: t\n	* Vo: o\n2. Concatenate (join) the last letters together:\n	t + o = to\n\nSo, the answer is: to"
"eaa",1,"second","Terry Gallagher Macdonald","Let's break it down step by step.\n\n1. Take the second letter of each word:\n	* Terry: e\n	* Gallagher: all (but we need the second letter, which is l)\n	* Macdonald: c\n2. Concatenate the resulting letters:\n	e-l-c\n\nSo, the answer is elc."
"ne",2,"third","Denis Preston","Let's break it down step by step!\n\n1. Identify the words: ""Denis"" and ""Preston""\n2. Find the third letter of each word:\n	* ""Denis"": D-E-N-I-S -> The third letter is ""N""\n	* ""Preston"": P-R-E-S-T-O-N -> The third letter is ""R""\n3. Concatenate the third letters: N + R = NR\n\nSo, the answer is: NR"
"sc",2,"third","Nestor Beck","Let's break it down step by step!\n\n1. Identify the words: ""Nestor"" and ""Beck""\n2. Find the third letter of each word:\n	* ""Nestor"": N-E-S-T-O-R\n		+ Third letter is: S\n	* ""Beck"": B-E-C-K\n		+ Third letter is: C\n3. Concatenate (join) the third letters: S + C = SC\n\nSo, the answer is: SC"
"ed",3,"fourth","Wiley Madden","Let's break it down step by step!\n\n1. Take the word ""Wiley"":\n	* The letters are W-I-L-E-Y\n	* The fourth letter is ""L""\n2. Take the word ""Madden"":\n	* The letters are M-A-D-D-E-N\n	* The fourth letter is ""D""\n\nNow, let's concatenate (join) these two letters:\n\nL + D = LD\n\nSo, the answer is: LD"
"MMBH",0,"first","Martin Mccann Benson Harrell","Let's break it down step by step.\n\nThe names are:\nMartin, McCann, Benson, and Harrell\n\nWe need to take the first letter of each word and concatenate them.\n\n1. Martin - M\n2. McCann - M\n3. Benson - B\n4. Harrell - H\n\nNow, let's concatenate these letters:\n\nM-M-B-H\n\nSo, the answer is: MMBH"
"oi",1,"second","Cory Villegas","Let's break it down step by step.\n\n1. Identify the words: ""Cory"" and ""Villegas""\n2. Take the second letter of each word:\n	* ""Cory"": The first letter is ""C"", so the second letter is ""O"".\n	* ""Villegas"": The first letter is ""V"", so the second letter is ""I"".\n3. Concatenate (join) the two second letters: ""OI""\n\nSo, the answer is: ""OI""."
"yl",3,"fourth","Lloyd Mullen","Let's break it down step by step.\n\n1. Identify the words in ""Lloyd Mullen"":\n	* Lloyd\n	* Mullen\n2. Find the fourth letter of each word:\n	* Lloyd: L-l-o-y-d (the fourth letter is ""o"")\n	* Mullen: M-u-l-l-e-n (the fourth letter is ""l"")\n3. Concatenate the fourth letters:\n	* o + l = ol\n\nSo, the answer is ""ol""."
"hn",3,"fourth","Nathaniel Blankenship","Let's break it down step by step.\n\n1. Identify the words in the name ""Nathaniel Blankenship"":\n	* Nathaniel\n	* Blankenship\n2. Find the fourth letter of each word:\n	* Nathaniel: n-a-t-h-i-a-l -> the fourth letter is ""h""\n	* Blankenship: b-l-a-n-k-e-n-s-h-i-p -> the fourth letter is ""n""\n3. Concatenate the fourth letters:\n	* h + n = hn\n\nSo, the answer is ""hn""."
"yca",1,"second","Kyle Mcguire Gaines","Let's break it down step by step!\n\n1. Identify the given names:\n	* Kyle\n	* McGuire\n	* Gaines\n2. Extract the second letter from each name:\n	* Kyle: y (second letter is ""y"")\n	* McGuire: u (second letter is ""u"")\n	* Gaines: a (second letter is ""a"")\n3. Concatenate the extracted letters:\n	y-u-a\n\nSo, the answer is: y-u-a"
"yr",2,"third","Jayson Burnett","Let's break it down step by step.\n\n1. Identify the words: ""Jayson"" and ""Burnett""\n2. Find the third letter of each word:\n	* ""Jayson"": J-A-Y-S-O-N, the third letter is Y\n	* ""Burnett"": B-U-R-N-E-T-T, the third letter is R\n3. Concatenate (join) the third letters: YR\n\nSo, the answer is: YR"
"AH",0,"first","Antwan Hale","Let's take it one step at a time.\n\nThe words are ""Antwan"" and ""Hale"".\n\n1. The first letter of the word ""Antwan"" is ""A"".\n2. The first letter of the word ""Hale"" is ""H"".\n\nNow, let's concatenate (join) these two letters:\n\nA + H = AH\n\nSo, the answer is: AH."
"uvll",2,"third","Saul Levy Miller Wolfe","Let's break it down step by step!\n\n1. Identify the words: Saul, Levy, Miller, Wolfe\n2. Find the third letter of each word:\n	* Saul: S-A-U-L -> U (third letter)\n	* Levy: L-E-V-Y -> V (third letter)\n	* Miller: M-I-L-L-E-R -> L (third letter)\n	* Wolfe: W-O-L-F-E -> L (third letter)\n3. Concatenate the third letters: U-V-L-L\n\nSo, the answer is: UVLL"
"al",1,"second","Lance Blevins","Let's break it down step by step!\n\n1. Identify the words: ""Lance"" and ""Blevins""\n2. Take the second letter of each word:\n	* ""Lance"": The first letter is ""L"", so the second letter is ""a"".\n	* ""Blevins"": The first letter is ""B"", so the second letter is ""l"".\n3. Concatenate (join) the two second letters: ""a"" + ""l""\n\nSo, the answer is: ""al"""
"CF",0,"first","Carey Fowler","Let's break it down step by step!\n\n1. Identify the words: ""Carey"" and ""Fowler""\n2. Take the first letter of each word:\n	* Carey: C\n	* Fowler: F\n3. Concatenate (join) the first letters together:\n	C + F = CF\n\nSo, the answer is: CF"
"noc",3,"fourth","Ronny Simon Erickson","Let's break it down step by step!\n\n1. Identify the words: Ronny, Simon, Erickson\n2. Find the fourth letter of each word:\n	* Ronny: R-O-N-ny, so the fourth letter is ""N""\n	* Simon: S-I-M-on, so the fourth letter is ""M""\n	* Erickson: E-R-I-C-k-s-o-n, so the fourth letter is ""C""\n3. Concatenate (join) the fourth letters together: N-M-C\n\nSo, the answer is: N-M-C"
"aoo",1,"second","Ramon Ponce Boyer","Let's break it down step by step.\n\n1. Take the names ""Ramn"", ""Ponce"", ""Boyer"" and identify the second letter of each word:\n\n* Ramn: The first letter is ""R"", so the second letter is ""a"".\n* Ponce: The first letter is ""P"", so the second letter is ""o"".\n* Boyer: The first letter is ""B"", so the second letter is ""o"".\n\n2. Concatenate (join) these second letters together:\n\na-o-o\n\nSo, the answer is: a-o-o"
"bot",2,"third","Ruben Moody Hutchinson","Let's break it down step by step!\n\n1. Identify the words: ""Ruben"", ""Moody"", ""Hutchinson""\n2. Find the third letter of each word:\n	* ""Ruben"": r-u-b-e-n, so the third letter is ""b""\n	* ""Moody"": m-o-o-d-y, so the third letter is ""o""\n	* ""Hutchinson"": h-u-t-c-h-i-n-s-o-n, so the third letter is ""t""\n3. Concatenate (join) the third letters together: b-o-t\n\nSo, the answer is: b-o-t"
"uar",1,"second","Russell Macias Arias","Let's break it down step by step.\n\n1. Take the words: Russell, Macias, Arias\n2. Identify the second letter of each word:\n	* Russell: u\n	* Macias: c\n	* Arias: r\n3. Concatenate (join) these second letters together: u-c-r\n\nSo, the answer is: u-c-r"
"etr",2,"third","Abel Fitzgerald Marshall","Let's break it down step by step!\n\n1. Identify the words:\n   - Abel\n   - Fitzgerald\n   - Marshall\n\n2. Find the third letter of each word:\n\n   - Abel: The first three letters are ""Abel"", so the third letter is ""L"".\n   - Fitzgerald: The first three letters are ""Fit"", so the third letter is not available (there are only two letters). Let's move to the next three letters, which are ""zg"". So, the third letter is ""Z"".\n   - Marshall: The first three letters are ""Mar"", so the third letter is ""S"".\n\n3. Concatenate the third letters:\n   - L-Z-S\n\nThe answer is LZS!"
"ngee",3,"fourth","Frankie Vargas Jones Greer","Let's break it down step by step!\n\n1. Identify the words:\n   - Frankie\n   - Vargas\n   - Jones\n   - Greer\n\n2. Find the fourth letter of each word:\n\n   - Frankie: f-r-a-n-k-e (fourth letter is 'a')\n   - Vargas: v-a-r-g-a-s (fourth letter is 'r')\n   - Jones: j-o-n-e-s (fourth letter is 'n')\n   - Greer: g-r-e-e-r (fourth letter is 'e')\n\n3. Concatenate the fourth letters:\n   a-r-n-e\n\nSo, the answer is: a-r-n-e"
"onhc",1,"second","Joaquin Oneal Sheppard Mccarty","Let's take it one step at a time.\n\nThe given names are:\n1. Joaquin\n2. Oneal\n3. Sheppard\n4. McCarty\n\nTo find the second letter of each word, I'll count the letters starting from 1:\n\n1. Joaquin - J (1st letter), o (2nd letter)\n2. Oneal - O (1st letter), n (2nd letter)\n3. Sheppard - S (1st letter), h (2nd letter)\n4. McCarty - M (1st letter), c (2nd letter)\n\nNow, let's concatenate these second letters:\no-n-h-c\n\nSo, the answer is: onhc"
"igtc",3,"fourth","Reginald Wiggins Hart Garcia","Let's break it down step by step!\n\n1. The given names are:\n	* Reginald: R-E-G-I-N-A-L-D\n	* Wiggins: W-I-G-G-I-N-S\n	* Hart: H-A-R-T\n	* Garcia: G-A-R-C-I-A\n\n2. To find the fourth letter of each name, we need to count from the beginning:\n\n	* Reginald: 1. R, 2. E, 3. G, 4. I (so, the fourth letter is ""I"")\n	* Wiggins: 1. W, 2. I, 3. G, 4. G (so, the fourth letter is ""G"")\n	* Hart: 1. H, 2. A, 3. R, 4. T (so, the fourth letter is ""T"")\n	* Garcia: 1. G, 2. A, 3. R, 4. C (so, the fourth letter is ""C"")\n\n3. Now, let's concatenate these letters:\n	I - G - T - C\n\nThe answer is: IGTc"
"CFN",0,"first","Clyde French Nixon","Let's break it down step by step!\n\n1. Identify the words:\n	* Clyde\n	* French\n	* Nixon\n\n2. Take the first letter of each word:\n	* C (from ""Clyde"")\n	* F (from ""French"")\n	* N (from ""Nixon"")\n\n3. Concatenate (join) the first letters together:\n	C-F-N\n\nSo, the answer is: C-F-N!"
"tlro",1,"second","Stacy Fletcher Bryant Cooper","Let's take it one step at a time.\n\nThe given names are:\n1. Stacy\n2. Fletcher\n3. Bryant\n4. Cooper\n\nTo get the second letter of each word, I'll write down the individual letters:\n\n1. Stacy - S-t-a-c-y => t\n2. Fletcher - F-l-e-c-t-e-r => l\n3. Bryant - B-r-y-a-n-t => r\n4. Cooper - C-o-o-p-e-r => o\n\nNow, let's concatenate these second letters:\nt-l-r-o\n\nSo, the answer is: t-l-r-o"
"JG",0,"first","Jamel Greer","Let's take it one step at a time!\n\nThe words are ""Jamel"" and ""Greer"".\n\nThe first letter of each word is:\n\n* J (from Jamel)\n* G (from Greer)\n\nNow, let's concatenate these two letters together:\n\nJG\n\nSo, the answer is: JG"
"LFW",0,"first","Lenny Francis Webster","Let's take it one step at a time!\n\nThe words are:\nL - Lenny\nF - Francis\nW - Webster\n\nNow, let's take the first letter of each word:\n\nL + F + W = LFW\n\nSo, the concatenated result is: LFW"
"dt",2,"third","Andre Waters","Let's break it down step by step.\n\n1. Identify the words: Andre Waters\n2. Find the third letter of each word:\n	* Andre: A-n-d-r-e -> d (third letter)\n	* Waters: W-a-t-e-r-s -> t (third letter)\n3. Concatenate the third letters: d + t = dt\n\nSo, the answer is: dt"
"els",2,"third","Joe Kelly Russo","Let's break it down step by step!\n\n1. Identify the words: ""Joe"", ""Kelly"", ""Russo""\n2. Find the third letter of each word:\n	* ""Joe"": j-o-e, so the third letter is ""o""\n	* ""Kelly"": k-e-l-l-y, so the third letter is ""l""\n	* ""Russo"": r-u-s-s-o, so the third letter is ""s""\n3. Concatenate (join) the third letters: o-l-s\n4. The answer is: o-l-s"
"lld",2,"third","Gale Holmes Hodges","Let's take it one step at a time.\n\n1. Identify the words: Gale, Holmes, Hodges\n2. Find the third letter of each word:\n	* Gale: G-A-L-E, the third letter is L\n	* Holmes: H-O-M-L-E-S, the third letter is M\n	* Hodges: H-O-D-G-E-S, the third letter is D\n3. Concatenate (join) the third letters together: LMd\n\nSo, the answer is: LMd"
"oso",2,"third","Scot Massey Lyons","Let's break it down step by step.\n\n1. Identify the words: Scot, Massey, Lyons\n2. Find the third letter of each word:\n	* Scot: S-C-O-T -> O (third letter)\n	* Massey: M-A-S-S-E-Y -> S (third letter)\n	* Lyons: L-Y-O-N-S -> Y (third letter)\n3. Concatenate the third letters: O-S-Y\n\nSo, the answer is: O-S-Y"
"iwra",3,"fourth","Junior Shaw Myers Camacho","Let's take it one step at a time.\n\n1. Identify the words: Junior, Shaw, Myers, Camacho\n2. Find the fourth letter of each word:\n	* Junior: j-u-n-i-o-r -> i (4th letter)\n	* Shaw: s-h-a-w -> w (4th letter)\n	* Myers: m-y-e-r-s -> r (4th letter)\n	* Camacho: c-a-m-a-c-h-o -> a (4th letter)\n3. Concatenate the fourth letters: i-w-r-a\n\nSo, the answer is: i-w-r-a"
"DG",0,"first","Donnie Glenn","Let's break it down step by step!\n\n1. Identify the words: ""Donnie"" and ""Glenn""\n2. Take the first letter of each word:\n	* ""D"" from ""Donnie""\n	* ""G"" from ""Glenn""\n3. Concatenate (join) the two letters together:\n\nDG\n\nSo, the answer is DG!"
"acoe",1,"second","Marc Mcmillan Robertson Meza","Let's break it down step by step.\n\n1. Identify the given names:\n	* Marc\n	* Mcmillan\n	* Robertson\n	* Meza\n2. Extract the second letter from each name:\n	* Marc: c (second letter is ""c"")\n	* Mcmillan: c (second letter is ""c"")\n	* Robertson: o (second letter is ""o"")\n	* Meza: e (second letter is ""e"")\n3. Concatenate the extracted letters:\n	c-c-o-e\n\nSo, the answer is: ccoe."
"AP",0,"first","Arnold Phelps","Let's break it down step by step!\n\n1. Identify the individual words: ""Arnold"", ""Phelps""\n2. Take the first letter of each word:\n	* ""Arnold"" starts with ""A""\n	* ""Phelps"" starts with ""P""\n3. Concatenate (join) these two letters together:\n\nA + P = AP\n\nSo, the answer is: AP"
"rus",2,"third","Kermit Faulkner Casey","Let's break it down step by step.\n\n1. Identify the words:\n	* Kermit\n	* Faulkner\n	* Casey\n2. Find the third letter of each word:\n	* Kermit: K-E-R-M-I-T, the third letter is R\n	* Faulkner: F-A-U-L-K-N-E-R, the third letter is L\n	* Casey: C-A-S-E-Y, the third letter is S\n3. Concatenate (join) the third letters together:\n	R-L-S\n\nSo, the answer is: RLS"
"nn",2,"third","Sung Pennington","Let's break it down step by step!\n\n1. Identify the words: ""Sung"", ""Pennington""\n2. Find the third letter of each word:\n	* ""Sung"": S-U-N-G, so the third letter is N\n	* ""Pennington"": P-E-N-N-I-N-G-T-O-N, so the third letter is N\n3. Concatenate (join) the third letters: N + N = NN\n\nSo, the answer is: NN"
"DCS",0,"first","Dudley Chavez Shelton","Let's take it one step at a time!\n\nThe words are: Dudley, Chavez, Shelton\n\nThe first letter of each word is:\n\nD (from Dudley)\nC (from Chavez)\nS (from Shelton)\n\nNow, let's concatenate these letters:\n\nD-C-S\n\nSo, the answer is: DCS"
"JJDE",0,"first","Johnie Jaramillo Duncan Edwards","Let's break it down step by step!\n\n1. Identify the words: Johnie, Jaramillo, Duncan, Edwards\n2. Take the first letter of each word:\n	* Johnie -> J\n	* Jaramillo -> J\n	* Duncan -> D\n	* Edwards -> E\n3. Concatenate (join) the first letters together:\n	J + J + D + E = JJDE\n\nSo, the answer is: JJDE"
"eae",1,"second","Neil Maxwell Beasley","Let's take it one step at a time.\n\nThe given names are:\nNeil, Maxwell, Beasley\n\nTo get the second letter of each word, I'll do that:\n\n1. Neil -> i (second letter is ""i"")\n2. Maxwell -> ax (second letter is ""a"")\n3. Beasley -> e (second letter is ""e"")\n\nNow, let's concatenate these letters:\ni-a-e\n\nSo, the answer is: i-a-e"
"GPS",0,"first","Gregorio Patrick Sloan","Let's take it one step at a time.\n\nThe names are:\nGregorio, Patrick, Sloan\n\nThe first letter of each name is:\nG, P, S\n\nNow, let's concatenate these letters:\n\nG-P-S\n\nSo, the answer is:\nGPS"
"eaa",1,"second","Delmer Patterson Parks","Let's break it down step by step!\n\n1. The given phrase is ""Delmer Patterson Parks"".\n2. To take the second letter of each word, we need to identify the individual words:\n	* Delmer = D-e-l-m-e-r\n	* Patterson = P-a-t-t-e-r-s-o-n\n	* Parks = P-a-r-k-s\n3. Now, let's extract the second letter from each word:\n	* Delmer: e\n	* Patterson: a\n	* Parks: a\n4. Finally, let's concatenate these letters:\n	e-a-a\n\nSo, the answer is ""e-a-a""."
"ezal",2,"third","Drew Vazquez Chase Keller","Let's break it down step by step!\n\n1. Identify the words:\n	* Drew\n	* Vazquez\n	* Chase\n	* Keller\n\n2. Find the third letter of each word:\n\n	* Drew: d-r-e-w, so the third letter is ""e""\n	* Vazquez: v-a-z-q-u-e-z, so the third letter is ""z""\n	* Chase: c-h-a-s-e, so the third letter is ""a""\n	* Keller: k-e-l-l-e-r, so the third letter is ""l""\n\n3. Concatenate (join) the third letters together:\n	e-z-a-l\n\nSo, the answer is: e-z-a-l"
"tiol",3,"fourth","Weston Hamilton Lugo Arellano","Let's break it down step by step!\n\n1. Take the names:\n	* Weston\n	* Hamilton\n	* Lugo\n	* Arellano\n\n2. Identify the fourth letter of each name:\n\n	* Weston: w-e-s-t-o -> o (4th letter)\n	* Hamilton: h-a-m-i-l-t-o-n -> l (4th letter)\n	* Lugo: l-u-g-o -> u (4th letter)\n	* Arellano: a-r-e-l-l-a-n-o -> l (4th letter)\n\n3. Concatenate the 4th letters:\n\n	o-l-u-l\n\nThe answer is: olul"
"uh",3,"fourth","August Archer","Let's break it down step by step.\n\n1. The word ""August"" has 6 letters: A-U-G-U-S-T\nThe fourth letter is ""U"".\n\n2. The word ""Archer"" has 6 letters: A-R-C-H-E-R\nThe fourth letter is ""H"".\n\n3. Now, let's concatenate (join) these two letters: U-H\n\nSo, the answer is: U-H"
"aa",1,"second","Marlin Garza","Let's break it down step by step.\n\n1. Identify the words: Marlin Garza\n2. Take the second letter of each word:\n	* Marlin: a (second letter is ""a"")\n	* Garza: a (second letter is ""a"")\n3. Concatenate the second letters: aa\n\nSo, the answer is: aa"
"LS",0,"first","Leslie Sellers","Let's break it down step by step.\n\nThe sentence is ""Leslie Sellers"".\n\n1. Identify the individual words:\n	* Leslie\n	* Sellers\n2. Take the first letter of each word:\n	* L (from ""Leslie"")\n	* S (from ""Sellers"")\n3. Concatenate (join) these letters together:\n	* LS\n\nSo, the answer is: LS"
